{
  "info": {
    "name": "TaskManager BE - Auth",
    "schema": "https://schema.getpostman.com/json/collection/v2.1.0/collection.json",
    "version": "1.0"
  },
  "item": [
    {
      "name": "Login (send OTP)",
      "request": {
        "method": "POST",
        "header": [ { "key": "Content-Type", "value": "application/json" } ],
        "body": {
          "mode": "raw",
          "raw": "{\n  \"email\": \"user@example.com\",\n  \"password\": \"P@ssword123\"\n}"
        },
        "url": { "raw": "{{baseUrl}}/api/auth/login", "host": ["{{baseUrl}}"], "path": ["api","auth","login"] }
      }
    },
    {
      "name": "Verify OTP",
      "request": {
        "method": "POST",
        "header": [ { "key": "Content-Type", "value": "application/json" } ],
        "body": { "mode": "raw", "raw": "{\n  \"tempToken\": \"<tempToken-from-login>\",\n  \"otp\": \"123456\"\n}" },
        "url": { "raw": "{{baseUrl}}/api/auth/verify-otp", "host": ["{{baseUrl}}"], "path": ["api","auth","verify-otp"] }
      }
    },
    {
      "name": "Forgot Password",
      "request": {
        "method": "POST",
        "header": [ { "key": "Content-Type", "value": "application/json" } ],
        "body": { "mode": "raw", "raw": "{\n  \"email\": \"user@example.com\"\n}" },
        "url": { "raw": "{{baseUrl}}/api/auth/forgot-password", "host": ["{{baseUrl}}"], "path": ["api","auth","forgot-password"] }
      }
    },
    {
      "name": "Reset Password",
      "request": {
        "method": "POST",
        "header": [ { "key": "Content-Type", "value": "application/json" } ],
        "body": { "mode": "raw", "raw": "{\n  \"email\": \"user@example.com\",\n  \"otp\": \"123456\",\n  \"newPassword\": \"NewP@ssword123\"\n}" },
        "url": { "raw": "{{baseUrl}}/api/auth/reset-password", "host": ["{{baseUrl}}"], "path": ["api","auth","reset-password"] }
      }
    },
    {
      "name": "Get Profile",
      "request": {
        "method": "GET",
        "header": [ { "key": "Authorization", "value": "Bearer {{token}}" } ],
        "url": { "raw": "{{baseUrl}}/api/auth/profile", "host": ["{{baseUrl}}"], "path": ["api","auth","profile"] }
      }
    }
  ],
  "variable": [
    { "key": "baseUrl", "value": "http://localhost:3000" },
    { "key": "tenantId", "value": "tenant_1" },
    { "key": "token", "value": "" }
  ]
}
